{"_step":4,"train_loss":0.6057175121454796,"test_loss":0.5941649029968651,"test_accuracy":0.9796792509214065,"_timestamp":1.748509839015625e+09,"_wandb":{"runtime":1574},"_runtime":1571.8933319}