{"train_loss":0.5874168374645177,"test_loss":0.578382148864163,"test_accuracy":0.9841149022073667,"_timestamp":1.7485111214271038e+09,"_runtime":863.3211572,"_step":2,"_wandb":{"runtime":1023}}